{"cameraMode":{"drawMode":0,"name":"Shaded","section":"Shading Mode"},"sceneLighting":true,"audioPlay":false,"sceneViewState":{"showFog":true,"showMaterialUpdate":false,"showSkybox":true,"showFlares":true,"showImageEffects":true,"showParticleSystems":true,"showVisualEffectGraphs":true,"m_FxEnabled":true},"in2DMode":false,"pivot":{"x":0.21375536918640138,"y":-0.9408578872680664,"z":-0.20713114738464356},"rotation":{"x":0.23255346715450288,"y":-0.03937705233693123,"z":0.009423508308827877,"w":0.9717405438423157},"size":6.579288482666016,"orthographic":false}